,predicted_mean
2016-05-25,-22.860730404898245
2016-05-26,-22.814709610210986
2016-05-27,-22.996850622674124
2016-05-28,-22.795447501469084
2016-05-29,-22.793471968118222
2016-05-30,-22.787688234034448
2016-05-31,-22.793052377869547
2016-06-01,-22.790805804093466
2016-06-02,-22.791302678243646
2016-06-03,-22.983687063740437
2016-06-04,-22.79437076629857
2016-06-05,-22.7831580686606
2016-06-06,-22.79693276674448
2016-06-07,-22.813303338442953
2016-06-08,-22.782535473259166
2016-06-09,-22.814520929533625
2016-06-10,-22.812204678914622
2016-06-11,-22.807741139376716
2016-06-12,-22.81182629572281
2016-06-13,-22.810030549093955
2016-06-14,-22.810372806064972
2016-06-15,-22.776854818068426
2016-06-16,-22.81293580662763
2016-06-17,-22.80362319555224
2016-06-18,-22.80603692953556
2016-06-19,-22.811874709260834
2016-06-20,-22.81705436224625
2016-06-21,-22.809634062727742
2016-06-22,-22.807375165442807
2016-06-23,-22.80268880337406
2016-06-24,-22.806989867522994
2016-06-25,-22.80511802133847
2016-06-26,-22.805486374890876
2016-06-27,-22.810110510160715
2016-06-28,-22.808134658505868
2016-06-29,-22.798501231482287
2016-06-30,-22.802833188442825
2016-07-01,-22.81044936054158
2016-07-02,-22.80955951319326
2016-07-03,-22.80879261445006
2016-07-04,-22.806524033406298
2016-07-05,-22.80187529345896
2016-07-06,-22.80613990299959
2016-07-07,-22.804280905723935
2016-07-08,-22.80464485303996
2016-07-09,-22.802828943571875
2016-07-10,-22.807278737177143
2016-07-11,-22.797699477800485
2016-07-12,-22.80170755552365
2016-07-13,-22.80902345785592
2016-07-14,-22.80915840541524
2016-07-15,-22.807268124044445
2016-07-16,-22.80500117803918
2016-07-17,-22.800346085845973
2016-07-18,-22.804616850505624
2016-07-19,-22.80275568377686
2016-07-20,-22.803120375056693
2016-07-21,-22.80239182446325
2016-07-22,-22.80575669045028
2016-07-23,-22.796168285225416
2016-07-24,-22.80023104781141
2016-07-25,-22.807597648703798
2016-07-26,-22.807559566434467
2016-07-27,-22.805858960775478
2016-07-28,-22.8035917387048
2016-07-29,-22.798937719046208
2016-07-30,-22.803207444454806
2016-07-31,-22.80134664402382
2016-08-01,-22.8017112096903
2016-08-02,-22.800799065756994
2016-08-03,-22.80434711458235
2016-08-04,-22.794760253573347
2016-08-05,-22.798813782982652
2016-08-06,-22.806171823759154
2016-08-07,-22.806162956429695
2016-08-08,-22.804430325283782
2016-08-09,-22.802163149824924
2016-08-10,-22.79750894907597
2016-08-11,-22.801778849955216
2016-08-12,-22.799917987677276
2016-08-13,-22.80028257455274
2016-08-14,-22.799401429138168
2016-08-15,-22.802918548755258
2016-08-16,-22.79333142701564
2016-08-17,-22.797386515385643
2016-08-18,-22.804746001480986
2016-08-19,-22.80473220140254
2016-08-20,-22.803004977547857
2016-08-21,-22.800737794218893
2016-08-22,-22.79608362404585
2016-08-23,-22.80035349529804
2016-08-24,-22.798492643462552
2016-08-25,-22.798857226757015
2016-08-26,-22.797970847447985
2016-08-27,-22.801493189256917
2016-08-28,-22.791906111539937
2016-08-29,-22.795960936689756
2016-08-30,-22.80332017875259
2016-08-31,-22.803307211536115
2016-09-01,-22.801579074696146
2016-09-02,-22.799311892696
2016-09-03,-22.794657717360415
2016-09-04,-22.798927593614938
2016-09-05,-22.797066740016312
2016-09-06,-22.797431323915408
2016-09-07,-22.796545828314766
2016-09-08,-22.80006728839122
2016-09-09,-22.790480203241305
2016-09-10,-22.794535072834112
2016-09-11,-22.80189435610022
2016-09-12,-22.801881248260525
2016-09-13,-22.800153265572067
2016-09-14,-22.79788608334756
2016-09-15,-22.793231908883637
2016-09-16,-22.79750178429355
2016-09-17,-22.795640930992615
2016-09-18,-22.796005514789623
2016-09-19,-22.795119869980685
2016-09-20,-22.798641478931817
2016-09-21,-22.789054395036906
2016-09-22,-22.793109257125806
2016-09-23,-22.800468533435016
2016-09-24,-22.80045544933862
2016-09-25,-22.7987274406227
2016-09-26,-22.796460258436074
2016-09-27,-22.791806083824977
2016-09-28,-22.796075959377497
2016-09-29,-22.7942151060263
2016-09-30,-22.794579689840543
2016-10-01,-22.793694070224433
2016-10-02,-22.797215654039064
2016-10-03,-22.787628569932256
2016-10-04,-22.79168343328814
2016-10-05,-22.799042710771975
2016-10-06,-22.799029622666676
2016-10-07,-22.797301618345326
2016-10-08,-22.795034436152307
2016-10-09,-22.790380261566053
2016-10-10,-22.7946501370945
2016-10-11,-22.79278928375179
2016-10-12,-22.79315386756312
2016-10-13,-22.792268243693368
2016-10-14,-22.79578983175213
2016-10-15,-22.786202747681102
2016-10-16,-22.79025761082306
2016-10-17,-22.797616888108568
2016-10-18,-22.797603800680147
2016-10-19,-22.795875795616798
2016-10-20,-22.793608613424855
2016-10-21,-22.788954438834413
2016-10-22,-22.79322431436692
2016-10-23,-22.791363461022776
2016-10-24,-22.7917280448346
2016-10-25,-22.790842421683045
2016-10-26,-22.79436400902522
2016-10-27,-22.784776924948144
2016-10-28,-22.788831788126224
2016-10-29,-22.796191065445218
2016-10-30,-22.79617797790251
2016-10-31,-22.794449972964447
2016-11-01,-22.792182790772323
2016-11-02,-22.787528616182588
2016-11-03,-22.79179849171441
2016-11-04,-22.789937638370507
2016-11-05,-22.790302222182248
2016-11-06,-22.789416598909433
2016-11-07,-22.79293818637259
2016-11-08,-22.783351102296542
2016-11-09,-22.787405965468523
2016-11-10,-22.794765242781867
2016-11-11,-22.794752155258454
2016-11-12,-22.793024150299235
2016-11-13,-22.790756968107143
2016-11-14,-22.786102793517287
2016-11-15,-22.790372669049226
2016-11-16,-22.78851181570528
2016-11-17,-22.788876399517036
2016-11-18,-22.787990776264696
2016-11-19,-22.79151236370743
2016-11-20,-22.781925279631203
2016-11-21,-22.785980142804217
2016-11-22,-22.793339420118507
2016-11-23,-22.79332633259184
2016-11-24,-22.79159832763619
2016-11-25,-22.789331145444095
2016-11-26,-22.784676970854257
2016-11-27,-22.78894684638617
2016-11-28,-22.78708599304224
2016-11-29,-22.787450576853992
2016-11-30,-22.786564953598194
2016-12-01,-22.790086541044374
2016-12-02,-22.78049945696818
2016-12-03,-22.784554320141016
2016-12-04,-22.79191359745515
2016-12-05,-22.791900509929032
2016-12-06,-22.79017250497278
2016-12-07,-22.787905322780684
2016-12-08,-22.783251148190846
2016-12-09,-22.787521023722768
2016-12-10,-22.785660170378833
2016-12-11,-22.78602475419058
2016-12-12,-22.785139130935367
2016-12-13,-22.788660718380964
2016-12-14,-22.779073634304766
2016-12-15,-22.783128497477627
2016-12-16,-22.790487774791792
2016-12-17,-22.79047468726558
2016-12-18,-22.788746682309434
2016-12-19,-22.78647950011733
2016-12-20,-22.781825325527493
2016-12-21,-22.786095201059414
2016-12-22,-22.784234347715476
2016-12-23,-22.784598931527228
2016-12-24,-22.783713308271913
2016-12-25,-22.787234895717614
2016-12-26,-22.777647811641412
2016-12-27,-22.78170267481428
2016-12-28,-22.78906195212843
2016-12-29,-22.789048864602236
2016-12-30,-22.78732085964607
2016-12-31,-22.78505367745397
2017-01-01,-22.78039950286413
2017-01-02,-22.784669378396053
2017-01-03,-22.782808525052115
2017-01-04,-22.783173108863867
2017-01-05,-22.782287485608574
2017-01-06,-22.78580907305425
2017-01-07,-22.77622198897805
2017-01-08,-22.780276852150912
2017-01-09,-22.78763612946507
2017-01-10,-22.787623041938872
2017-01-11,-22.78589503698271
2017-01-12,-22.78362785479061
2017-01-13,-22.77897368020077
2017-01-14,-22.783243555732692
2017-01-15,-22.781382702388754
2017-01-16,-22.781747286200506
2017-01-17,-22.780861662945206
2017-01-18,-22.78438325039089
2017-01-19,-22.77479616631469
2017-01-20,-22.778851029487555
2017-01-21,-22.78621030680171
2017-01-22,-22.78619721927551
2017-01-23,-22.78446921431935
2017-01-24,-22.782202032127252
2017-01-25,-22.777547857537414
2017-01-26,-22.781817733069335
2017-01-27,-22.779956879725397
2017-01-28,-22.78032146353715
2017-01-29,-22.77943584028185
2017-01-30,-22.782957427727535
2017-01-31,-22.773370343651337
2017-02-01,-22.7774252068242
2017-02-02,-22.784784484138356
2017-02-03,-22.78477139661216
2017-02-04,-22.783043391655994
2017-02-05,-22.780776209463895
2017-02-06,-22.776122034874057
2017-02-07,-22.780391910405978
2017-02-08,-22.77853105706204
2017-02-09,-22.77889564087379
2017-02-10,-22.778010017618495
2017-02-11,-22.781531605064178
2017-02-12,-22.77194452098798
2017-02-13,-22.775999384160844
2017-02-14,-22.783358661475
2017-02-15,-22.7833455739488
2017-02-16,-22.781617568992637
2017-02-17,-22.779350386800537
2017-02-18,-22.7746962122107
2017-02-19,-22.77896608774262
2017-02-20,-22.777105234398682
2017-02-21,-22.777469818210434
2017-02-22,-22.776584194955138
2017-02-23,-22.78010578240082
2017-02-24,-22.770518698324622
2017-02-25,-22.774573561497487
2017-02-26,-22.78193283881164
2017-02-27,-22.781919751285443
2017-02-28,-22.78019174632928
2017-03-01,-22.77792456413718
2017-03-02,-22.773270389547342
2017-03-03,-22.777540265079264
2017-03-04,-22.775679411735325
2017-03-05,-22.776043995547077
2017-03-06,-22.77515837229178
2017-03-07,-22.778679959737463
2017-03-08,-22.769092875661265
2017-03-09,-22.77314773883413
2017-03-10,-22.780507016148285
2017-03-11,-22.780493928622086
2017-03-12,-22.778765923665922
2017-03-13,-22.776498741473823
2017-03-14,-22.771844566883985
2017-03-15,-22.776114442415906
2017-03-16,-22.774253589071968
2017-03-17,-22.77461817288372
2017-03-18,-22.773732549628424
2017-03-19,-22.777254137074106
2017-03-20,-22.767667052997908
2017-03-21,-22.771721916170772
2017-03-22,-22.779081193484927
2017-03-23,-22.77906810595873
2017-03-24,-22.777340101002565
2017-03-25,-22.775072918810466
2017-03-26,-22.770418744220628
2017-03-27,-22.77468861975255
2017-03-28,-22.77282776640861
2017-03-29,-22.773192350220363
2017-03-30,-22.772306726965066
2017-03-31,-22.77582831441075
2017-04-01,-22.76624123033455
2017-04-02,-22.770296093507415
2017-04-03,-22.77765537082157
2017-04-04,-22.77764228329537
2017-04-05,-22.775914278339208
2017-04-06,-22.77364709614711
2017-04-07,-22.76899292155727
2017-04-08,-22.773262797089192
2017-04-09,-22.771401943745254
2017-04-10,-22.771766527557006
2017-04-11,-22.77088090430171
2017-04-12,-22.77440249174739
2017-04-13,-22.764815407671193
2017-04-14,-22.768870270844058
2017-04-15,-22.776229548158213
2017-04-16,-22.776216460632014
2017-04-17,-22.77448845567585
2017-04-18,-22.77222127348375
2017-04-19,-22.767567098893913
2017-04-20,-22.771836974425835
2017-04-21,-22.769976121081896
2017-04-22,-22.77034070489365
2017-04-23,-22.769455081638352
2017-04-24,-22.772976669084034
2017-04-25,-22.763389585007836
2017-04-26,-22.7674444481807
2017-04-27,-22.774803725494856
2017-04-28,-22.774790637968657
2017-04-29,-22.773062633012493
2017-04-30,-22.770795450820394
2017-05-01,-22.766141276230556
2017-05-02,-22.770411151762477
2017-05-03,-22.76855029841854
2017-05-04,-22.76891488223029
2017-05-05,-22.768029258974995
2017-05-06,-22.771550846420677
2017-05-07,-22.76196376234448
2017-05-08,-22.766018625517344
2017-05-09,-22.7733779028315
2017-05-10,-22.7733648153053
2017-05-11,-22.771636810349136
2017-05-12,-22.769369628157037
2017-05-13,-22.7647154535672
2017-05-14,-22.76898532909912
2017-05-15,-22.767124475755182
2017-05-16,-22.767489059566934
2017-05-17,-22.766603436311637
2017-05-18,-22.77012502375732
2017-05-19,-22.76053793968112
2017-05-20,-22.764592802853986
2017-05-21,-22.77195208016814
2017-05-22,-22.771938992641942
2017-05-23,-22.77021098768578
2017-05-24,-22.76794380549368
2017-05-25,-22.76328963090384
2017-05-26,-22.767559506435763
2017-05-27,-22.765698653091825
2017-05-28,-22.766063236903577
2017-05-29,-22.76517761364828
2017-05-30,-22.768699201093963
2017-05-31,-22.759112117017764
2017-06-01,-22.76316698019063
2017-06-02,-22.770526257504784
2017-06-03,-22.770513169978585
2017-06-04,-22.768785165022422
2017-06-05,-22.766517982830322
2017-06-06,-22.761863808240484
2017-06-07,-22.766133683772406
2017-06-08,-22.764272830428467
2017-06-09,-22.76463741424022
2017-06-10,-22.763751790984923
2017-06-11,-22.767273378430605
2017-06-12,-22.757686294354407
2017-06-13,-22.761741157527272
2017-06-14,-22.769100434841427
2017-06-15,-22.769087347315228
2017-06-16,-22.767359342359065
2017-06-17,-22.765092160166965
2017-06-18,-22.760437985577127
2017-06-19,-22.76470786110905
2017-06-20,-22.76284700776511
2017-06-21,-22.763211591576862
2017-06-22,-22.762325968321566
2017-06-23,-22.765847555767248
2017-06-24,-22.75626047169105
2017-06-25,-22.760315334863915
2017-06-26,-22.76767461217807
2017-06-27,-22.76766152465187
2017-06-28,-22.765933519695707
2017-06-29,-22.763666337503608
2017-06-30,-22.75901216291377
2017-07-01,-22.76328203844569
2017-07-02,-22.761421185101753
2017-07-03,-22.761785768913505
2017-07-04,-22.76090014565821
2017-07-05,-22.76442173310389
2017-07-06,-22.754834649027693
2017-07-07,-22.758889512200557
2017-07-08,-22.766248789514712
2017-07-09,-22.766235701988514
2017-07-10,-22.76450769703235
2017-07-11,-22.76224051484025
2017-07-12,-22.757586340250413
2017-07-13,-22.761856215782334
2017-07-14,-22.759995362438396
2017-07-15,-22.760359946250148
2017-07-16,-22.75947432299485
2017-07-17,-22.762995910440534
2017-07-18,-22.753408826364335
2017-07-19,-22.7574636895372
2017-07-20,-22.764822966851355
2017-07-21,-22.764809879325156
2017-07-22,-22.763081874368993
2017-07-23,-22.760814692176893
2017-07-24,-22.756160517587055
2017-07-25,-22.760430393118977
2017-07-26,-22.75856953977504
2017-07-27,-22.75893412358679
2017-07-28,-22.758048500331494
2017-07-29,-22.761570087777176
2017-07-30,-22.75198300370098
2017-07-31,-22.756037866873843
2017-08-01,-22.763397144187998
2017-08-02,-22.7633840566618
2017-08-03,-22.761656051705636
2017-08-04,-22.759388869513536
2017-08-05,-22.754734694923698
2017-08-06,-22.75900457045562
2017-08-07,-22.75714371711168
2017-08-08,-22.757508300923433
2017-08-09,-22.756622677668137
2017-08-10,-22.76014426511382
2017-08-11,-22.75055718103762
2017-08-12,-22.754612044210486
2017-08-13,-22.76197132152464
2017-08-14,-22.761958233998442
2017-08-15,-22.76023022904228
2017-08-16,-22.75796304685018
2017-08-17,-22.75330887226034
2017-08-18,-22.757578747792262
2017-08-19,-22.755717894448324
2017-08-20,-22.756082478260076
2017-08-21,-22.75519685500478
2017-08-22,-22.758718442450462
2017-08-23,-22.749131358374264
2017-08-24,-22.75318622154713
2017-08-25,-22.760545498861283
2017-08-26,-22.760532411335085
2017-08-27,-22.75880440637892
2017-08-28,-22.756537224186822
2017-08-29,-22.751883049596984
2017-08-30,-22.756152925128905
2017-08-31,-22.754292071784967
2017-09-01,-22.75465665559672
2017-09-02,-22.753771032341422
2017-09-03,-22.757292619787105
2017-09-04,-22.747705535710907
2017-09-05,-22.75176039888377
2017-09-06,-22.759119676197926
2017-09-07,-22.759106588671727
2017-09-08,-22.757378583715564
2017-09-09,-22.755111401523465
2017-09-10,-22.750457226933626
2017-09-11,-22.754727102465548
2017-09-12,-22.75286624912161
2017-09-13,-22.75323083293336
2017-09-14,-22.752345209678065
2017-09-15,-22.755866797123748
2017-09-16,-22.74627971304755
2017-09-17,-22.750334576220414
2017-09-18,-22.75769385353457
2017-09-19,-22.75768076600837
2017-09-20,-22.755952761052207
2017-09-21,-22.753685578860107
2017-09-22,-22.74903140427027
2017-09-23,-22.75330127980219
2017-09-24,-22.751440426458252
2017-09-25,-22.751805010270004
2017-09-26,-22.750919387014708
2017-09-27,-22.75444097446039
2017-09-28,-22.744853890384192
2017-09-29,-22.748908753557057
2017-09-30,-22.75626803087121
2017-10-01,-22.756254943345013
2017-10-02,-22.75452693838885
2017-10-03,-22.75225975619675
2017-10-04,-22.747605581606912
2017-10-05,-22.751875457138834
2017-10-06,-22.750014603794895
2017-10-07,-22.750379187606647
2017-10-08,-22.74949356435135
2017-10-09,-22.753015151797033
2017-10-10,-22.743428067720835
2017-10-11,-22.7474829308937
2017-10-12,-22.754842208207855
2017-10-13,-22.754829120681656
2017-10-14,-22.753101115725492
2017-10-15,-22.750833933533393
2017-10-16,-22.746179758943555
2017-10-17,-22.750449634475476
2017-10-18,-22.748588781131538
2017-10-19,-22.74895336494329
2017-10-20,-22.748067741687994
2017-10-21,-22.751589329133676
2017-10-22,-22.742002245057478
2017-10-23,-22.746057108230342
2017-10-24,-22.753416385544497
2017-10-25,-22.7534032980183
2017-10-26,-22.751675293062135
2017-10-27,-22.749408110870036
2017-10-28,-22.744753936280198
2017-10-29,-22.74902381181212
2017-10-30,-22.74716295846818
2017-10-31,-22.747527542279933
2017-11-01,-22.746641919024636
2017-11-02,-22.75016350647032
2017-11-03,-22.74057642239412
2017-11-04,-22.744631285566985
2017-11-05,-22.75199056288114
2017-11-06,-22.75197747535494
2017-11-07,-22.750249470398778
2017-11-08,-22.74798228820668
2017-11-09,-22.74332811361684
2017-11-10,-22.747597989148762
2017-11-11,-22.745737135804823
2017-11-12,-22.746101719616576
2017-11-13,-22.74521609636128
2017-11-14,-22.74873768380696
2017-11-15,-22.739150599730763
2017-11-16,-22.743205462903628
2017-11-17,-22.750564740217783
2017-11-18,-22.750551652691584
2017-11-19,-22.74882364773542
2017-11-20,-22.74655646554332
2017-11-21,-22.741902290953483
2017-11-22,-22.746172166485405
2017-11-23,-22.744311313141466
2017-11-24,-22.74467589695322
2017-11-25,-22.743790273697922
2017-11-26,-22.747311861143604
2017-11-27,-22.737724777067406
2017-11-28,-22.74177964024027
2017-11-29,-22.749138917554426
2017-11-30,-22.749125830028227
2017-12-01,-22.747397825072063
2017-12-02,-22.745130642879964
2017-12-03,-22.740476468290126
2017-12-04,-22.744746343822047
2017-12-05,-22.74288549047811
2017-12-06,-22.74325007428986
2017-12-07,-22.742364451034565
2017-12-08,-22.745886038480247
2017-12-09,-22.73629895440405
2017-12-10,-22.740353817576914
2017-12-11,-22.74771309489107
2017-12-12,-22.74770000736487
2017-12-13,-22.745972002408706
2017-12-14,-22.743704820216607
2017-12-15,-22.73905064562677
2017-12-16,-22.74332052115869
2017-12-17,-22.741459667814752
2017-12-18,-22.741824251626504
2017-12-19,-22.740938628371207
2017-12-20,-22.74446021581689
2017-12-21,-22.73487313174069
2017-12-22,-22.738927994913556
2017-12-23,-22.74628727222771
2017-12-24,-22.746274184701512
2017-12-25,-22.74454617974535
2017-12-26,-22.74227899755325
2017-12-27,-22.73762482296341
2017-12-28,-22.741894698495333
2017-12-29,-22.740033845151395
2017-12-30,-22.740398428963147
2017-12-31,-22.73951280570785
2018-01-01,-22.743034393153533
2018-01-02,-22.733447309077334
2018-01-03,-22.7375021722502
2018-01-04,-22.744861449564354
2018-01-05,-22.744848362038155
2018-01-06,-22.74312035708199
2018-01-07,-22.740853174889892
2018-01-08,-22.736199000300054
2018-01-09,-22.740468875831976
2018-01-10,-22.738608022488037
2018-01-11,-22.73897260629979
2018-01-12,-22.738086983044493
2018-01-13,-22.741608570490175
2018-01-14,-22.732021486413977
2018-01-15,-22.736076349586842
2018-01-16,-22.743435626900997
2018-01-17,-22.743422539374798
2018-01-18,-22.741694534418635
2018-01-19,-22.739427352226535
2018-01-20,-22.734773177636697
2018-01-21,-22.73904305316862
2018-01-22,-22.73718219982468
2018-01-23,-22.737546783636432
2018-01-24,-22.736661160381136
2018-01-25,-22.740182747826818
2018-01-26,-22.73059566375062
2018-01-27,-22.734650526923485
2018-01-28,-22.74200980423764
2018-01-29,-22.74199671671144
2018-01-30,-22.740268711755277
2018-01-31,-22.738001529563178
2018-02-01,-22.73334735497334
2018-02-02,-22.73761723050526
2018-02-03,-22.735756377161323
2018-02-04,-22.736120960973075
2018-02-05,-22.73523533771778
2018-02-06,-22.73875692516346
2018-02-07,-22.729169841087263
2018-02-08,-22.733224704260127
2018-02-09,-22.740583981574282
2018-02-10,-22.740570894048084
2018-02-11,-22.73884288909192
2018-02-12,-22.73657570689982
2018-02-13,-22.731921532309983
2018-02-14,-22.736191407841904
2018-02-15,-22.734330554497966
2018-02-16,-22.734695138309718
2018-02-17,-22.73380951505442
2018-02-18,-22.737331102500104
2018-02-19,-22.727744018423905
2018-02-20,-22.73179888159677
2018-02-21,-22.739158158910925
2018-02-22,-22.739145071384726
2018-02-23,-22.737417066428563
2018-02-24,-22.735149884236463
2018-02-25,-22.730495709646625
2018-02-26,-22.734765585178547
2018-02-27,-22.73290473183461
2018-02-28,-22.73326931564636
2018-03-01,-22.732383692391064
2018-03-02,-22.735905279836746
2018-03-03,-22.72631819576055
2018-03-04,-22.730373058933413
2018-03-05,-22.737732336247568
2018-03-06,-22.73771924872137
2018-03-07,-22.735991243765206
2018-03-08,-22.733724061573106
2018-03-09,-22.729069886983268
2018-03-10,-22.73333976251519
2018-03-11,-22.73147890917125
2018-03-12,-22.731843492983003
2018-03-13,-22.730957869727707
2018-03-14,-22.73447945717339
2018-03-15,-22.72489237309719
2018-03-16,-22.728947236270056
2018-03-17,-22.73630651358421
2018-03-18,-22.736293426058012
2018-03-19,-22.73456542110185
2018-03-20,-22.73229823890975
2018-03-21,-22.72764406431991
2018-03-22,-22.731913939851832
2018-03-23,-22.730053086507894
2018-03-24,-22.730417670319646
2018-03-25,-22.72953204706435
2018-03-26,-22.733053634510032
2018-03-27,-22.723466550433834
2018-03-28,-22.7275214136067
2018-03-29,-22.734880690920853
2018-03-30,-22.734867603394655
2018-03-31,-22.73313959843849
2018-04-01,-22.73087241624639
2018-04-02,-22.726218241656554
2018-04-03,-22.730488117188475
2018-04-04,-22.728627263844537
2018-04-05,-22.72899184765629
2018-04-06,-22.728106224400992
2018-04-07,-22.731627811846675
2018-04-08,-22.722040727770477
2018-04-09,-22.72609559094334
2018-04-10,-22.733454868257496
2018-04-11,-22.733441780731297
2018-04-12,-22.731713775775134
2018-04-13,-22.729446593583035
2018-04-14,-22.724792418993196
2018-04-15,-22.729062294525118
2018-04-16,-22.72720144118118
2018-04-17,-22.72756602499293
2018-04-18,-22.726680401737635
2018-04-19,-22.730201989183318
2018-04-20,-22.72061490510712
2018-04-21,-22.724669768279984
2018-04-22,-22.73202904559414
2018-04-23,-22.73201595806794
2018-04-24,-22.730287953111777
2018-04-25,-22.728020770919677
2018-04-26,-22.72336659632984
2018-04-27,-22.72763647186176
2018-04-28,-22.725775618517822
2018-04-29,-22.726140202329574
2018-04-30,-22.725254579074278
2018-05-01,-22.72877616651996
2018-05-02,-22.719189082443762
2018-05-03,-22.723243945616627
2018-05-04,-22.73060322293078
2018-05-05,-22.730590135404583
2018-05-06,-22.72886213044842
2018-05-07,-22.72659494825632
2018-05-08,-22.721940773666482
2018-05-09,-22.726210649198404
2018-05-10,-22.724349795854465
2018-05-11,-22.724714379666217
2018-05-12,-22.72382875641092
2018-05-13,-22.727350343856603
2018-05-14,-22.717763259780405
2018-05-15,-22.72181812295327
2018-05-16,-22.729177400267425
2018-05-17,-22.729164312741226
2018-05-18,-22.727436307785062
2018-05-19,-22.725169125592963
2018-05-20,-22.720514951003125
2018-05-21,-22.724784826535046
2018-05-22,-22.722923973191108
2018-05-23,-22.72328855700286
2018-05-24,-22.722402933747563
2018-05-25,-22.725924521193246
2018-05-26,-22.716337437117048
2018-05-27,-22.720392300289912
2018-05-28,-22.727751577604067
2018-05-29,-22.72773849007787
2018-05-30,-22.726010485121705
2018-05-31,-22.723743302929606
2018-06-01,-22.719089128339768
2018-06-02,-22.72335900387169
2018-06-03,-22.72149815052775
2018-06-04,-22.721862734339503
2018-06-05,-22.720977111084206
2018-06-06,-22.72449869852989
2018-06-07,-22.71491161445369
2018-06-08,-22.718966477626555
2018-06-09,-22.72632575494071
2018-06-10,-22.72631266741451
2018-06-11,-22.724584662458348
2018-06-12,-22.72231748026625
2018-06-13,-22.71766330567641
2018-06-14,-22.721933181208332
2018-06-15,-22.720072327864393
2018-06-16,-22.720436911676146
2018-06-17,-22.71955128842085
2018-06-18,-22.72307287586653
2018-06-19,-22.713485791790333
2018-06-20,-22.717540654963198
2018-06-21,-22.724899932277353
2018-06-22,-22.724886844751154
2018-06-23,-22.72315883979499
2018-06-24,-22.72089165760289
2018-06-25,-22.716237483013053
2018-06-26,-22.720507358544975
2018-06-27,-22.718646505201036
2018-06-28,-22.71901108901279
2018-06-29,-22.718125465757492
2018-06-30,-22.721647053203174
2018-07-01,-22.712059969126976
2018-07-02,-22.71611483229984
2018-07-03,-22.723474109613996
2018-07-04,-22.723461022087797
2018-07-05,-22.721733017131633
2018-07-06,-22.719465834939534
2018-07-07,-22.714811660349696
2018-07-08,-22.719081535881617
2018-07-09,-22.71722068253768
2018-07-10,-22.71758526634943
2018-07-11,-22.716699643094135
2018-07-12,-22.720221230539817
2018-07-13,-22.71063414646362
2018-07-14,-22.714689009636484
2018-07-15,-22.72204828695064
2018-07-16,-22.72203519942444
2018-07-17,-22.720307194468276
2018-07-18,-22.718040012276177
2018-07-19,-22.71338583768634
2018-07-20,-22.71765571321826
2018-07-21,-22.715794859874322
2018-07-22,-22.716159443686074
2018-07-23,-22.715273820430777
2018-07-24,-22.71879540787646
2018-07-25,-22.70920832380026
2018-07-26,-22.713263186973126
2018-07-27,-22.72062246428728
2018-07-28,-22.720609376761082
2018-07-29,-22.71888137180492
2018-07-30,-22.71661418961282
2018-07-31,-22.71196001502298
2018-08-01,-22.716229890554903
2018-08-02,-22.714369037210965
2018-08-03,-22.714733621022717
2018-08-04,-22.71384799776742
2018-08-05,-22.717369585213103
2018-08-06,-22.707782501136904
2018-08-07,-22.71183736430977
2018-08-08,-22.719196641623924
2018-08-09,-22.719183554097725
2018-08-10,-22.71745554914156
2018-08-11,-22.715188366949462
2018-08-12,-22.710534192359624
2018-08-13,-22.714804067891546
2018-08-14,-22.712943214547607
2018-08-15,-22.71330779835936
2018-08-16,-22.712422175104063
2018-08-17,-22.715943762549745
2018-08-18,-22.706356678473547
2018-08-19,-22.710411541646412
2018-08-20,-22.717770818960567
2018-08-21,-22.717757731434368
2018-08-22,-22.716029726478205
2018-08-23,-22.713762544286105
2018-08-24,-22.709108369696267
2018-08-25,-22.71337824522819
2018-08-26,-22.71151739188425
2018-08-27,-22.711881975696002
2018-08-28,-22.710996352440706
2018-08-29,-22.714517939886388
2018-08-30,-22.70493085581019
2018-08-31,-22.708985718983055
2018-09-01,-22.71634499629721
2018-09-02,-22.71633190877101
2018-09-03,-22.714603903814847
2018-09-04,-22.712336721622748
2018-09-05,-22.70768254703291
2018-09-06,-22.71195242256483
2018-09-07,-22.710091569220893
2018-09-08,-22.710456153032645
2018-09-09,-22.70957052977735
2018-09-10,-22.71309211722303
2018-09-11,-22.703505033146833
2018-09-12,-22.707559896319697
2018-09-13,-22.714919173633852
2018-09-14,-22.714906086107653
2018-09-15,-22.71317808115149
2018-09-16,-22.71091089895939
2018-09-17,-22.706256724369553
2018-09-18,-22.710526599901474
2018-09-19,-22.708665746557536
2018-09-20,-22.709030330369288
2018-09-21,-22.70814470711399
2018-09-22,-22.711666294559674
2018-09-23,-22.702079210483475
2018-09-24,-22.70613407365634
2018-09-25,-22.713493350970495
2018-09-26,-22.713480263444296
2018-09-27,-22.711752258488133
2018-09-28,-22.709485076296033
2018-09-29,-22.704830901706195
2018-09-30,-22.709100777238117
2018-10-01,-22.70723992389418
2018-10-02,-22.70760450770593
2018-10-03,-22.706718884450634
2018-10-04,-22.710240471896316
2018-10-05,-22.700653387820118
2018-10-06,-22.704708250992983
2018-10-07,-22.712067528307138
2018-10-08,-22.71205444078094
2018-10-09,-22.710326435824776
2018-10-10,-22.708059253632676
2018-10-11,-22.703405079042838
2018-10-12,-22.70767495457476
2018-10-13,-22.70581410123082
2018-10-14,-22.706178685042573
2018-10-15,-22.705293061787277
2018-10-16,-22.70881464923296
2018-10-17,-22.69922756515676
2018-10-18,-22.703282428329626
2018-10-19,-22.71064170564378
2018-10-20,-22.710628618117582
2018-10-21,-22.70890061316142
2018-10-22,-22.70663343096932
2018-10-23,-22.70197925637948
2018-10-24,-22.706249131911402
2018-10-25,-22.704388278567464
2018-10-26,-22.704752862379216
2018-10-27,-22.70386723912392
2018-10-28,-22.707388826569602
2018-10-29,-22.697801742493404
2018-10-30,-22.70185660566627
2018-10-31,-22.709215882980423
2018-11-01,-22.709202795454225
2018-11-02,-22.70747479049806
2018-11-03,-22.70520760830596
2018-11-04,-22.700553433716124
2018-11-05,-22.704823309248045
2018-11-06,-22.702962455904107
2018-11-07,-22.70332703971586
2018-11-08,-22.702441416460562
2018-11-09,-22.705963003906245
2018-11-10,-22.696375919830047
2018-11-11,-22.70043078300291
2018-11-12,-22.707790060317066
2018-11-13,-22.707776972790867
2018-11-14,-22.706048967834704
2018-11-15,-22.703781785642605
2018-11-16,-22.699127611052766
2018-11-17,-22.703397486584688
2018-11-18,-22.70153663324075
2018-11-19,-22.7019012170525
2018-11-20,-22.701015593797205
2018-11-21,-22.704537181242888
2018-11-22,-22.69495009716669
2018-11-23,-22.699004960339554
2018-11-24,-22.70636423765371
2018-11-25,-22.70635115012751
2018-11-26,-22.704623145171347
2018-11-27,-22.702355962979247
2018-11-28,-22.69770178838941
2018-11-29,-22.70197166392133
2018-11-30,-22.700110810577392
2018-12-01,-22.700475394389144
2018-12-02,-22.699589771133848
2018-12-03,-22.70311135857953
2018-12-04,-22.693524274503332
2018-12-05,-22.697579137676197
2018-12-06,-22.70493841499035
2018-12-07,-22.704925327464153
2018-12-08,-22.70319732250799
2018-12-09,-22.70093014031589
2018-12-10,-22.696275965726052
2018-12-11,-22.700545841257973
2018-12-12,-22.698684987914035
2018-12-13,-22.699049571725787
2018-12-14,-22.69816394847049
2018-12-15,-22.701685535916173
2018-12-16,-22.692098451839975
2018-12-17,-22.69615331501284
2018-12-18,-22.703512592326994
2018-12-19,-22.703499504800796
2018-12-20,-22.701771499844632
2018-12-21,-22.699504317652533
2018-12-22,-22.694850143062695
2018-12-23,-22.699120018594616
2018-12-24,-22.697259165250678
2018-12-25,-22.69762374906243
2018-12-26,-22.696738125807133
2018-12-27,-22.700259713252816
2018-12-28,-22.690672629176618
2018-12-29,-22.694727492349482
2018-12-30,-22.702086769663637
2018-12-31,-22.70207368213744
2019-01-01,-22.700345677181275
2019-01-02,-22.698078494989176
2019-01-03,-22.693424320399338
2019-01-04,-22.69769419593126
2019-01-05,-22.69583334258732
2019-01-06,-22.696197926399073
2019-01-07,-22.695312303143776
2019-01-08,-22.69883389058946
2019-01-09,-22.68924680651326
2019-01-10,-22.693301669686125
2019-01-11,-22.70066094700028
2019-01-12,-22.70064785947408
2019-01-13,-22.698919854517918
2019-01-14,-22.69665267232582
2019-01-15,-22.69199849773598
2019-01-16,-22.696268373267902
2019-01-17,-22.694407519923963
2019-01-18,-22.694772103735716
2019-01-19,-22.69388648048042
2019-01-20,-22.6974080679261
2019-01-21,-22.687820983849903
2019-01-22,-22.691875847022768
2019-01-23,-22.699235124336923
2019-01-24,-22.699222036810724
2019-01-25,-22.69749403185456
2019-01-26,-22.69522684966246
2019-01-27,-22.690572675072623
2019-01-28,-22.694842550604545
2019-01-29,-22.692981697260606
2019-01-30,-22.69334628107236
2019-01-31,-22.692460657817062
2019-02-01,-22.695982245262744
2019-02-02,-22.686395161186546
2019-02-03,-22.69045002435941
2019-02-04,-22.697809301673566
2019-02-05,-22.697796214147367
2019-02-06,-22.696068209191203
2019-02-07,-22.693801026999104
2019-02-08,-22.689146852409266
2019-02-09,-22.693416727941187
2019-02-10,-22.69155587459725
2019-02-11,-22.691920458409
2019-02-12,-22.691034835153705
2019-02-13,-22.694556422599387
2019-02-14,-22.68496933852319
2019-02-15,-22.689024201696053
2019-02-16,-22.69638347901021
2019-02-17,-22.69637039148401
2019-02-18,-22.694642386527846
2019-02-19,-22.692375204335747
2019-02-20,-22.68772102974591
2019-02-21,-22.69199090527783
2019-02-22,-22.69013005193389
2019-02-23,-22.690494635745644
2019-02-24,-22.689609012490347
2019-02-25,-22.69313059993603
2019-02-26,-22.68354351585983
2019-02-27,-22.687598379032696
2019-02-28,-22.69495765634685
2019-03-01,-22.694944568820652
2019-03-02,-22.69321656386449
2019-03-03,-22.69094938167239
2019-03-04,-22.68629520708255
2019-03-05,-22.690565082614473
2019-03-06,-22.688704229270535
2019-03-07,-22.689068813082287
2019-03-08,-22.68818318982699
2019-03-09,-22.691704777272673
2019-03-10,-22.682117693196474
2019-03-11,-22.68617255636934
2019-03-12,-22.693531833683494
2019-03-13,-22.693518746157295
2019-03-14,-22.69179074120113
2019-03-15,-22.689523559009032
2019-03-16,-22.684869384419194
2019-03-17,-22.689139259951116
2019-03-18,-22.687278406607177
2019-03-19,-22.68764299041893
2019-03-20,-22.686757367163633
2019-03-21,-22.690278954609315
2019-03-22,-22.680691870533117
2019-03-23,-22.684746733705982
2019-03-24,-22.692106011020137
2019-03-25,-22.692092923493938
2019-03-26,-22.690364918537774
2019-03-27,-22.688097736345675
2019-03-28,-22.683443561755837
2019-03-29,-22.68771343728776
2019-03-30,-22.68585258394382
2019-03-31,-22.686217167755572
2019-04-01,-22.685331544500276
2019-04-02,-22.688853131945958
2019-04-03,-22.67926604786976
2019-04-04,-22.683320911042625
2019-04-05,-22.69068018835678
2019-04-06,-22.69066710083058
2019-04-07,-22.688939095874417
2019-04-08,-22.686671913682318
2019-04-09,-22.68201773909248
2019-04-10,-22.6862876146244
2019-04-11,-22.684426761280463
2019-04-12,-22.684791345092215
2019-04-13,-22.68390572183692
2019-04-14,-22.6874273092826
2019-04-15,-22.677840225206403
2019-04-16,-22.681895088379267
2019-04-17,-22.689254365693422
2019-04-18,-22.689241278167223
2019-04-19,-22.68751327321106
2019-04-20,-22.68524609101896
2019-04-21,-22.680591916429123
2019-04-22,-22.684861791961044
2019-04-23,-22.683000938617106
2019-04-24,-22.683365522428858
2019-04-25,-22.68247989917356
2019-04-26,-22.686001486619244
2019-04-27,-22.676414402543045
2019-04-28,-22.68046926571591
2019-04-29,-22.687828543030065
2019-04-30,-22.687815455503866
2019-05-01,-22.686087450547703
2019-05-02,-22.683820268355603
2019-05-03,-22.679166093765765
2019-05-04,-22.683435969297687
2019-05-05,-22.68157511595375
2019-05-06,-22.6819396997655
2019-05-07,-22.681054076510204
2019-05-08,-22.684575663955886
2019-05-09,-22.674988579879688
2019-05-10,-22.679043443052553
2019-05-11,-22.686402720366708
2019-05-12,-22.68638963284051
2019-05-13,-22.684661627884346
2019-05-14,-22.682394445692246
2019-05-15,-22.677740271102408
2019-05-16,-22.68201014663433
2019-05-17,-22.68014929329039
2019-05-18,-22.680513877102143
2019-05-19,-22.679628253846847
2019-05-20,-22.68314984129253
2019-05-21,-22.67356275721633
2019-05-22,-22.677617620389196
2019-05-23,-22.68497689770335
2019-05-24,-22.684963810177152
2019-05-25,-22.68323580522099
2019-05-26,-22.68096862302889
2019-05-27,-22.67631444843905
2019-05-28,-22.680584323970972
2019-05-29,-22.678723470627034
2019-05-30,-22.679088054438786
2019-05-31,-22.67820243118349
2019-06-01,-22.681724018629172
2019-06-02,-22.672136934552974
2019-06-03,-22.67619179772584
2019-06-04,-22.683551075039993
2019-06-05,-22.683537987513795
2019-06-06,-22.68180998255763
2019-06-07,-22.67954280036553
2019-06-08,-22.674888625775694
2019-06-09,-22.679158501307615
2019-06-10,-22.677297647963677
2019-06-11,-22.67766223177543
2019-06-12,-22.676776608520132
2019-06-13,-22.680298195965815
2019-06-14,-22.670711111889617
2019-06-15,-22.67476597506248
2019-06-16,-22.682125252376636
2019-06-17,-22.682112164850437
2019-06-18,-22.680384159894274
2019-06-19,-22.678116977702174
2019-06-20,-22.673462803112336
2019-06-21,-22.677732678644258
2019-06-22,-22.67587182530032
2019-06-23,-22.67623640911207
2019-06-24,-22.675350785856775
2019-06-25,-22.678872373302458
2019-06-26,-22.66928528922626
2019-06-27,-22.673340152399124
2019-06-28,-22.68069942971328
2019-06-29,-22.68068634218708
2019-06-30,-22.678958337230917
2019-07-01,-22.676691155038817
2019-07-02,-22.67203698044898
2019-07-03,-22.6763068559809
2019-07-04,-22.674446002636962
2019-07-05,-22.674810586448714
2019-07-06,-22.673924963193418
2019-07-07,-22.6774465506391
2019-07-08,-22.667859466562902
2019-07-09,-22.671914329735767
2019-07-10,-22.67927360704992
2019-07-11,-22.679260519523723
2019-07-12,-22.67753251456756
2019-07-13,-22.67526533237546
2019-07-14,-22.670611157785622
2019-07-15,-22.674881033317543
2019-07-16,-22.673020179973605
2019-07-17,-22.673384763785357
2019-07-18,-22.67249914053006
2019-07-19,-22.676020727975743
2019-07-20,-22.666433643899545
2019-07-21,-22.67048850707241
2019-07-22,-22.677847784386564
2019-07-23,-22.677834696860366
2019-07-24,-22.676106691904202
2019-07-25,-22.673839509712103
2019-07-26,-22.669185335122265
2019-07-27,-22.673455210654186
2019-07-28,-22.671594357310248
2019-07-29,-22.671958941122
2019-07-30,-22.671073317866703
2019-07-31,-22.674594905312386
2019-08-01,-22.665007821236188
2019-08-02,-22.669062684409052
2019-08-03,-22.676421961723207
2019-08-04,-22.67640887419701
2019-08-05,-22.674680869240845
2019-08-06,-22.672413687048746
2019-08-07,-22.667759512458908
2019-08-08,-22.67202938799083
2019-08-09,-22.67016853464689
2019-08-10,-22.670533118458643
2019-08-11,-22.669647495203346
2019-08-12,-22.67316908264903
2019-08-13,-22.66358199857283
2019-08-14,-22.667636861745695
2019-08-15,-22.67499613905985
2019-08-16,-22.67498305153365
2019-08-17,-22.673255046577488
2019-08-18,-22.67098786438539
2019-08-19,-22.66633368979555
2019-08-20,-22.670603565327472
2019-08-21,-22.668742711983533
2019-08-22,-22.669107295795285
2019-08-23,-22.66822167253999
2019-08-24,-22.67174325998567
2019-08-25,-22.662156175909473
2019-08-26,-22.666211039082338
2019-08-27,-22.673570316396493
2019-08-28,-22.673557228870294
2019-08-29,-22.67182922391413
2019-08-30,-22.66956204172203
2019-08-31,-22.664907867132193
2019-09-01,-22.669177742664115
2019-09-02,-22.667316889320176
2019-09-03,-22.66768147313193
2019-09-04,-22.66679584987663
2019-09-05,-22.670317437322314
2019-09-06,-22.660730353246116
2019-09-07,-22.66478521641898
2019-09-08,-22.672144493733136
2019-09-09,-22.672131406206937
2019-09-10,-22.670403401250773
2019-09-11,-22.668136219058674
2019-09-12,-22.663482044468836
2019-09-13,-22.667751920000757
2019-09-14,-22.66589106665682
2019-09-15,-22.66625565046857
2019-09-16,-22.665370027213275
2019-09-17,-22.668891614658957
2019-09-18,-22.65930453058276
2019-09-19,-22.663359393755623
2019-09-20,-22.67071867106978
2019-09-21,-22.67070558354358
2019-09-22,-22.668977578587416
2019-09-23,-22.666710396395317
2019-09-24,-22.66205622180548
2019-09-25,-22.6663260973374
2019-09-26,-22.66446524399346
2019-09-27,-22.664829827805214
2019-09-28,-22.663944204549917
2019-09-29,-22.6674657919956
2019-09-30,-22.6578787079194
2019-10-01,-22.661933571092266
2019-10-02,-22.66929284840642
2019-10-03,-22.669279760880222
2019-10-04,-22.66755175592406
2019-10-05,-22.66528457373196
2019-10-06,-22.66063039914212
2019-10-07,-22.664900274674043
2019-10-08,-22.663039421330105
2019-10-09,-22.663404005141857
2019-10-10,-22.66251838188656
2019-10-11,-22.666039969332243
2019-10-12,-22.656452885256044
2019-10-13,-22.66050774842891
2019-10-14,-22.667867025743064
2019-10-15,-22.667853938216865
2019-10-16,-22.6661259332607
2019-10-17,-22.663858751068602
2019-10-18,-22.659204576478764
2019-10-19,-22.663474452010686
2019-10-20,-22.661613598666747
2019-10-21,-22.6619781824785
2019-10-22,-22.661092559223203
2019-10-23,-22.664614146668885
2019-10-24,-22.655027062592687
2019-10-25,-22.659081925765552
2019-10-26,-22.666441203079707
2019-10-27,-22.666428115553508
2019-10-28,-22.664700110597344
2019-10-29,-22.662432928405245
2019-10-30,-22.657778753815407
2019-10-31,-22.66204862934733
2019-11-01,-22.66018777600339
2019-11-02,-22.660552359815142
2019-11-03,-22.659666736559846
2019-11-04,-22.663188324005528
2019-11-05,-22.65360123992933
2019-11-06,-22.657656103102195
2019-11-07,-22.66501538041635
2019-11-08,-22.66500229289015
2019-11-09,-22.663274287933987
2019-11-10,-22.661007105741888
2019-11-11,-22.65635293115205
2019-11-12,-22.66062280668397
2019-11-13,-22.658761953340033
2019-11-14,-22.659126537151785
2019-11-15,-22.65824091389649
2019-11-16,-22.66176250134217
2019-11-17,-22.652175417265973
2019-11-18,-22.656230280438837
2019-11-19,-22.663589557752992
2019-11-20,-22.663576470226793
2019-11-21,-22.66184846527063
2019-11-22,-22.65958128307853
2019-11-23,-22.654927108488693
2019-11-24,-22.659196984020614
2019-11-25,-22.657336130676676
2019-11-26,-22.657700714488428
2019-11-27,-22.65681509123313
2019-11-28,-22.660336678678814
2019-11-29,-22.650749594602615
2019-11-30,-22.65480445777548
2019-12-01,-22.662163735089635
2019-12-02,-22.662150647563436
2019-12-03,-22.660422642607273
2019-12-04,-22.658155460415173
2019-12-05,-22.653501285825335
2019-12-06,-22.657771161357257
2019-12-07,-22.65591030801332
2019-12-08,-22.65627489182507
2019-12-09,-22.655389268569774
2019-12-10,-22.658910856015456
2019-12-11,-22.649323771939258
2019-12-12,-22.653378635112123
2019-12-13,-22.660737912426278
2019-12-14,-22.66072482490008
2019-12-15,-22.658996819943916
2019-12-16,-22.656729637751816
2019-12-17,-22.652075463161978
2019-12-18,-22.6563453386939
2019-12-19,-22.65448448534996
2019-12-20,-22.654849069161713
2019-12-21,-22.653963445906417
2019-12-22,-22.6574850333521
2019-12-23,-22.6478979492759
2019-12-24,-22.651952812448766
2019-12-25,-22.65931208976292
2019-12-26,-22.65929900223672
2019-12-27,-22.65757099728056
2019-12-28,-22.65530381508846
2019-12-29,-22.65064964049862
2019-12-30,-22.654919516030542
2019-12-31,-22.653058662686604
2020-01-01,-22.653423246498356
2020-01-02,-22.65253762324306
2020-01-03,-22.656059210688742
2020-01-04,-22.646472126612544
2020-01-05,-22.65052698978541
2020-01-06,-22.657886267099563
2020-01-07,-22.657873179573365
2020-01-08,-22.6561451746172
2020-01-09,-22.6538779924251
2020-01-10,-22.649223817835264
2020-01-11,-22.653493693367185
2020-01-12,-22.651632840023247
2020-01-13,-22.651997423835
2020-01-14,-22.651111800579702
2020-01-15,-22.654633388025385
2020-01-16,-22.645046303949186
2020-01-17,-22.64910116712205
2020-01-18,-22.656460444436206
2020-01-19,-22.656447356910007
2020-01-20,-22.654719351953844
2020-01-21,-22.652452169761744
2020-01-22,-22.647797995171906
2020-01-23,-22.652067870703828
2020-01-24,-22.65020701735989
2020-01-25,-22.65057160117164
2020-01-26,-22.649685977916345
2020-01-27,-22.653207565362028
2020-01-28,-22.64362048128583
2020-01-29,-22.647675344458694
2020-01-30,-22.65503462177285
2020-01-31,-22.65502153424665
2020-02-01,-22.653293529290487
2020-02-02,-22.651026347098387
2020-02-03,-22.64637217250855
2020-02-04,-22.65064204804047
2020-02-05,-22.648781194696532
2020-02-06,-22.649145778508284
2020-02-07,-22.648260155252988
2020-02-08,-22.65178174269867
2020-02-09,-22.642194658622472
2020-02-10,-22.646249521795337
2020-02-11,-22.65360879910949
2020-02-12,-22.653595711583293
2020-02-13,-22.65186770662713
2020-02-14,-22.64960052443503
2020-02-15,-22.644946349845192
2020-02-16,-22.649216225377113
2020-02-17,-22.647355372033175
2020-02-18,-22.647719955844927
2020-02-19,-22.64683433258963
2020-02-20,-22.650355920035313
2020-02-21,-22.640768835959115
2020-02-22,-22.64482369913198
2020-02-23,-22.652182976446134
2020-02-24,-22.652169888919936
2020-02-25,-22.650441883963772
2020-02-26,-22.648174701771673
2020-02-27,-22.643520527181835
2020-02-28,-22.647790402713756
2020-02-29,-22.645929549369818
2020-03-01,-22.64629413318157
2020-03-02,-22.645408509926273
2020-03-03,-22.648930097371956
2020-03-04,-22.639343013295758
2020-03-05,-22.643397876468622
2020-03-06,-22.650757153782777
2020-03-07,-22.65074406625658
2020-03-08,-22.649016061300415
2020-03-09,-22.646748879108316
2020-03-10,-22.642094704518477
2020-03-11,-22.6463645800504
2020-03-12,-22.64450372670646
2020-03-13,-22.644868310518213
2020-03-14,-22.643982687262916
2020-03-15,-22.6475042747086
2020-03-16,-22.6379171906324
2020-03-17,-22.641972053805265
2020-03-18,-22.64933133111942
2020-03-19,-22.64931824359322
2020-03-20,-22.647590238637058
2020-03-21,-22.64532305644496
2020-03-22,-22.64066888185512
2020-03-23,-22.64493875738704
2020-03-24,-22.643077904043103
2020-03-25,-22.643442487854855
2020-03-26,-22.64255686459956
2020-03-27,-22.64607845204524
2020-03-28,-22.636491367969043
2020-03-29,-22.640546231141908
2020-03-30,-22.647905508456063
2020-03-31,-22.647892420929864
2020-04-01,-22.6461644159737
2020-04-02,-22.6438972337816
2020-04-03,-22.639243059191763
2020-04-04,-22.643512934723685
2020-04-05,-22.641652081379746
2020-04-06,-22.6420166651915
2020-04-07,-22.6411310419362
2020-04-08,-22.644652629381884
2020-04-09,-22.635065545305686
2020-04-10,-22.63912040847855
2020-04-11,-22.646479685792706
2020-04-12,-22.646466598266507
2020-04-13,-22.644738593310343
2020-04-14,-22.642471411118244
2020-04-15,-22.637817236528406
2020-04-16,-22.642087112060327
2020-04-17,-22.64022625871639
2020-04-18,-22.64059084252814
2020-04-19,-22.639705219272845
2020-04-20,-22.643226806718527
2020-04-21,-22.63363972264233
2020-04-22,-22.637694585815193
2020-04-23,-22.64505386312935
2020-04-24,-22.64504077560315
2020-04-25,-22.643312770646986
2020-04-26,-22.641045588454887
2020-04-27,-22.63639141386505
2020-04-28,-22.64066128939697
2020-04-29,-22.63880043605303
2020-04-30,-22.639165019864784
2020-05-01,-22.638279396609487
2020-05-02,-22.64180098405517
2020-05-03,-22.63221389997897
2020-05-04,-22.636268763151836
2020-05-05,-22.64362804046599
2020-05-06,-22.643614952939792
2020-05-07,-22.64188694798363
2020-05-08,-22.63961976579153
2020-05-09,-22.63496559120169
2020-05-10,-22.639235466733613
2020-05-11,-22.637374613389674
2020-05-12,-22.637739197201427
2020-05-13,-22.63685357394613
2020-05-14,-22.640375161391812
2020-05-15,-22.630788077315614
2020-05-16,-22.63484294048848
2020-05-17,-22.642202217802634
2020-05-18,-22.642189130276435
2020-05-19,-22.64046112532027
2020-05-20,-22.638193943128172
2020-05-21,-22.633539768538334
2020-05-22,-22.637809644070256
2020-05-23,-22.635948790726317
2020-05-24,-22.63631337453807
2020-05-25,-22.635427751282773
2020-05-26,-22.638949338728455
2020-05-27,-22.629362254652257
2020-05-28,-22.633417117825122
2020-05-29,-22.640776395139277
2020-05-30,-22.640763307613078
2020-05-31,-22.639035302656914
2020-06-01,-22.636768120464815
2020-06-02,-22.632113945874977
2020-06-03,-22.6363838214069
2020-06-04,-22.63452296806296
2020-06-05,-22.634887551874712
2020-06-06,-22.634001928619416
2020-06-07,-22.637523516065098
2020-06-08,-22.6279364319889
2020-06-09,-22.631991295161765
2020-06-10,-22.63935057247592
2020-06-11,-22.63933748494972
2020-06-12,-22.637609479993557
2020-06-13,-22.635342297801458
2020-06-14,-22.63068812321162
2020-06-15,-22.63495799874354
2020-06-16,-22.633097145399603
2020-06-17,-22.633461729211355
2020-06-18,-22.63257610595606
2020-06-19,-22.63609769340174
2020-06-20,-22.626510609325543
2020-06-21,-22.630565472498407
2020-06-22,-22.637924749812562
2020-06-23,-22.637911662286363
2020-06-24,-22.6361836573302
2020-06-25,-22.6339164751381
2020-06-26,-22.629262300548262
2020-06-27,-22.633532176080184
2020-06-28,-22.631671322736246
2020-06-29,-22.632035906547998
2020-06-30,-22.6311502832927
